{
    "itinerarios": [
        {
            "odos": [
                {
                    "segmentos": [
                        {
                            "legs": [
                                {
                                    "fecha_salida": "2022-11-22T13:10:00Z",
                                    "fecha_llegada": "2022-11-22T15:10:00Z",
                                    "destino": {
                                        "codigo": "JFK",
                                        "nombre": "John F. Kennedy International Airport"
                                    },
                                    "origen": {
                                        "codigo": "BOG",
                                        "nombre": "El Dorado - Bogotá International Airport (BOG)"
                                    }

                                }
                            ]
                        }
                    ]
                }

            ]
        }
        ]
    }